{"status":"1","message":"OK","result":"[{\"inputs\":[{\"internalType\":\"address\",\"name\":\"_dispatcher\",\"type\":\"address\"},{\"internalType\":\"address\",\"name\":\"_vaultLib\",\"type\":\"address\"},{\"internalType\":\"address[]\",\"name\":\"_vaultCallContracts\",\"type\":\"address[]\"},{\"internalType\":\"bytes4[]\",\"name\":\"_vaultCallSelectors\",\"type\":\"bytes4[]\"}],\"stateMutability\":\"nonpayable\",\"type\":\"constructor\"},{\"anonymous\":false,\"inputs\":[{\"indexed\":false,\"internalType\":\"address\",\"name\":\"comptrollerLib\",\"type\":\"address\"}],\"name\":\"ComptrollerLibSet\",\"type\":\"event\"},{\"anonymous\":false,\"inputs\":[{\"indexed\":true,\"internalType\":\"address\",\"name\":\"creator\",\"type\":\"address\"},{\"indexed\":false,\"internalType\":\"address\",\"name\":\"comptrollerProxy\",\"type\":\"address\"},{\"indexed\":true,\"internalType\":\"address\",\"name\":\"denominationAsset\",\"type\":\"address\"},{\"indexed\":false,\"internalType\":\"uint256\",\"name\":\"sharesActionTimelock\",\"type\":\"uint256\"},{\"indexed\":false,\"internalType\":\"bytes\",\"name\":\"feeManagerConfigData\",\"type\":\"bytes\"},{\"indexed\":false,\"internalType\":\"bytes\",\"name\":\"policyManagerConfigData\",\"type\":\"bytes\"},{\"indexed\":true,\"internalType\":\"bool\",\"name\":\"forMigration\",\"type\":\"bool\"}],\"name\":\"ComptrollerProxyDeployed\",\"type\":\"event\"},{\"anonymous\":false,\"inputs\":[{\"indexed\":true,\"internalType\":\"address\",\"name\":\"creator\",\"type\":\"address\"},{\"indexed\":false,\"internalType\":\"address\",\"name\":\"comptrollerProxy\",\"type\":\"address\"},{\"indexed\":false,\"internalType\":\"address\",\"name\":\"vaultProxy\",\"type\":\"address\"},{\"indexed\":true,\"internalType\":\"address\",\"name\":\"fundOwner\",\"type\":\"address\"},{\"indexed\":false,\"internalType\":\"string\",\"name\":\"fundName\",\"type\":\"string\"},{\"indexed\":true,\"internalType\":\"address\",\"name\":\"denominationAsset\",\"type\":\"address\"},{\"indexed\":false,\"internalType\":\"uint256\",\"name\":\"sharesActionTimelock\",\"type\":\"uint256\"},{\"indexed\":false,\"internalType\":\"bytes\",\"name\":\"feeManagerConfigData\",\"type\":\"bytes\"},{\"indexed\":false,\"internalType\":\"bytes\",\"name\":\"policyManagerConfigData\",\"type\":\"bytes\"}],\"name\":\"NewFundCreated\",\"type\":\"event\"},{\"anonymous\":false,\"inputs\":[{\"indexed\":true,\"internalType\":\"enum IFundDeployer.ReleaseStatus\",\"name\":\"prevStatus\",\"type\":\"uint8\"},{\"indexed\":true,\"internalType\":\"enum IFundDeployer.ReleaseStatus\",\"name\":\"nextStatus\",\"type\":\"uint8\"}],\"name\":\"ReleaseStatusSet\",\"type\":\"event\"},{\"anonymous\":false,\"inputs\":[{\"indexed\":true,\"internalType\":\"address\",\"name\":\"contractAddress\",\"type\":\"address\"},{\"indexed\":false,\"internalType\":\"bytes4\",\"name\":\"selector\",\"type\":\"bytes4\"}],\"name\":\"VaultCallDeregistered\",\"type\":\"event\"},{\"anonymous\":false,\"inputs\":[{\"indexed\":true,\"internalType\":\"address\",\"name\":\"contractAddress\",\"type\":\"address\"},{\"indexed\":false,\"internalType\":\"bytes4\",\"name\":\"selector\",\"type\":\"bytes4\"}],\"name\":\"VaultCallRegistered\",\"type\":\"event\"},{\"inputs\":[{\"internalType\":\"address\",\"name\":\"_vaultProxy\",\"type\":\"address\"}],\"name\":\"cancelMigration\",\"outputs\":[],\"stateMutability\":\"nonpayable\",\"type\":\"function\"},{\"inputs\":[{\"internalType\":\"address\",\"name\":\"_vaultProxy\",\"type\":\"address\"}],\"name\":\"cancelMigrationEmergency\",\"outputs\":[],\"stateMutability\":\"nonpayable\",\"type\":\"function\"},{\"inputs\":[{\"internalType\":\"address\",\"name\":\"_denominationAsset\",\"type\":\"address\"},{\"internalType\":\"uint256\",\"name\":\"_sharesActionTimelock\",\"type\":\"uint256\"},{\"internalType\":\"bytes\",\"name\":\"_feeManagerConfigData\",\"type\":\"bytes\"},{\"internalType\":\"bytes\",\"name\":\"_policyManagerConfigData\",\"type\":\"bytes\"}],\"name\":\"createMigratedFundConfig\",\"outputs\":[{\"internalType\":\"address\",\"name\":\"comptrollerProxy_\",\"type\":\"address\"}],\"stateMutability\":\"nonpayable\",\"type\":\"function\"},{\"inputs\":[{\"internalType\":\"address\",\"name\":\"_fundOwner\",\"type\":\"address\"},{\"internalType\":\"string\",\"name\":\"_fundName\",\"type\":\"string\"},{\"internalType\":\"address\",\"name\":\"_denominationAsset\",\"type\":\"address\"},{\"internalType\":\"uint256\",\"name\":\"_sharesActionTimelock\",\"type\":\"uint256\"},{\"internalType\":\"bytes\",\"name\":\"_feeManagerConfigData\",\"type\":\"bytes\"},{\"internalType\":\"bytes\",\"name\":\"_policyManagerConfigData\",\"type\":\"bytes\"}],\"name\":\"createNewFund\",\"outputs\":[{\"internalType\":\"address\",\"name\":\"comptrollerProxy_\",\"type\":\"address\"},{\"internalType\":\"address\",\"name\":\"vaultProxy_\",\"type\":\"address\"}],\"stateMutability\":\"nonpayable\",\"type\":\"function\"},{\"inputs\":[{\"internalType\":\"address[]\",\"name\":\"_contracts\",\"type\":\"address[]\"},{\"internalType\":\"bytes4[]\",\"name\":\"_selectors\",\"type\":\"bytes4[]\"}],\"name\":\"deregisterVaultCalls\",\"outputs\":[],\"stateMutability\":\"nonpayable\",\"type\":\"function\"},{\"inputs\":[{\"internalType\":\"address\",\"name\":\"_vaultProxy\",\"type\":\"address\"}],\"name\":\"executeMigration\",\"outputs\":[],\"stateMutability\":\"nonpayable\",\"type\":\"function\"},{\"inputs\":[{\"internalType\":\"address\",\"name\":\"_vaultProxy\",\"type\":\"address\"}],\"name\":\"executeMigrationEmergency\",\"outputs\":[],\"stateMutability\":\"nonpayable\",\"type\":\"function\"},{\"inputs\":[],\"name\":\"getComptrollerLib\",\"outputs\":[{\"internalType\":\"address\",\"name\":\"comptrollerLib_\",\"type\":\"address\"}],\"stateMutability\":\"view\",\"type\":\"function\"},{\"inputs\":[],\"name\":\"getCreator\",\"outputs\":[{\"internalType\":\"address\",\"name\":\"creator_\",\"type\":\"address\"}],\"stateMutability\":\"view\",\"type\":\"function\"},{\"inputs\":[],\"name\":\"getDispatcher\",\"outputs\":[{\"internalType\":\"address\",\"name\":\"dispatcher_\",\"type\":\"address\"}],\"stateMutability\":\"view\",\"type\":\"function\"},{\"inputs\":[],\"name\":\"getOwner\",\"outputs\":[{\"internalType\":\"address\",\"name\":\"owner_\",\"type\":\"address\"}],\"stateMutability\":\"view\",\"type\":\"function\"},{\"inputs\":[{\"internalType\":\"address\",\"name\":\"_comptrollerProxy\",\"type\":\"address\"}],\"name\":\"getPendingComptrollerProxyCreator\",\"outputs\":[{\"internalType\":\"address\",\"name\":\"pendingComptrollerProxyCreator_\",\"type\":\"address\"}],\"stateMutability\":\"view\",\"type\":\"function\"},{\"inputs\":[],\"name\":\"getReleaseStatus\",\"outputs\":[{\"internalType\":\"enum IFundDeployer.ReleaseStatus\",\"name\":\"status_\",\"type\":\"uint8\"}],\"stateMutability\":\"view\",\"type\":\"function\"},{\"inputs\":[],\"name\":\"getVaultLib\",\"outputs\":[{\"internalType\":\"address\",\"name\":\"vaultLib_\",\"type\":\"address\"}],\"stateMutability\":\"view\",\"type\":\"function\"},{\"inputs\":[{\"internalType\":\"address\",\"name\":\"\",\"type\":\"address\"},{\"internalType\":\"address\",\"name\":\"\",\"type\":\"address\"},{\"internalType\":\"address\",\"name\":\"\",\"type\":\"address\"},{\"internalType\":\"address\",\"name\":\"\",\"type\":\"address\"}],\"name\":\"invokeMigrationInCancelHook\",\"outputs\":[],\"stateMutability\":\"nonpayable\",\"type\":\"function\"},{\"inputs\":[{\"internalType\":\"enum IMigrationHookHandler.MigrationOutHook\",\"name\":\"_hook\",\"type\":\"uint8\"},{\"internalType\":\"address\",\"name\":\"_vaultProxy\",\"type\":\"address\"},{\"internalType\":\"address\",\"name\":\"\",\"type\":\"address\"},{\"internalType\":\"address\",\"name\":\"\",\"type\":\"address\"},{\"internalType\":\"address\",\"name\":\"\",\"type\":\"address\"}],\"name\":\"invokeMigrationOutHook\",\"outputs\":[],\"stateMutability\":\"nonpayable\",\"type\":\"function\"},{\"inputs\":[{\"internalType\":\"address\",\"name\":\"_contract\",\"type\":\"address\"},{\"internalType\":\"bytes4\",\"name\":\"_selector\",\"type\":\"bytes4\"}],\"name\":\"isRegisteredVaultCall\",\"outputs\":[{\"internalType\":\"bool\",\"name\":\"isRegistered_\",\"type\":\"bool\"}],\"stateMutability\":\"view\",\"type\":\"function\"},{\"inputs\":[{\"internalType\":\"address[]\",\"name\":\"_contracts\",\"type\":\"address[]\"},{\"internalType\":\"bytes4[]\",\"name\":\"_selectors\",\"type\":\"bytes4[]\"}],\"name\":\"registerVaultCalls\",\"outputs\":[],\"stateMutability\":\"nonpayable\",\"type\":\"function\"},{\"inputs\":[{\"internalType\":\"address\",\"name\":\"_comptrollerLib\",\"type\":\"address\"}],\"name\":\"setComptrollerLib\",\"outputs\":[],\"stateMutability\":\"nonpayable\",\"type\":\"function\"},{\"inputs\":[{\"internalType\":\"enum IFundDeployer.ReleaseStatus\",\"name\":\"_nextStatus\",\"type\":\"uint8\"}],\"name\":\"setReleaseStatus\",\"outputs\":[],\"stateMutability\":\"nonpayable\",\"type\":\"function\"},{\"inputs\":[{\"internalType\":\"address\",\"name\":\"_vaultProxy\",\"type\":\"address\"},{\"internalType\":\"address\",\"name\":\"_comptrollerProxy\",\"type\":\"address\"}],\"name\":\"signalMigration\",\"outputs\":[],\"stateMutability\":\"nonpayable\",\"type\":\"function\"},{\"inputs\":[{\"internalType\":\"address\",\"name\":\"_vaultProxy\",\"type\":\"address\"},{\"internalType\":\"address\",\"name\":\"_comptrollerProxy\",\"type\":\"address\"}],\"name\":\"signalMigrationEmergency\",\"outputs\":[],\"stateMutability\":\"nonpayable\",\"type\":\"function\"}]"}